Bias,Slope
2.4508307092547614,0.9367519387868859
